{
  "joint_names": [
    "floating_base",
    "LF_HAA",
    "LF_HFE",
    "LF_KFE",
    "RF_HAA",
    "RF_HFE",
    "RF_KFE",
    "LH_HAA",
    "LH_HFE",
    "LH_KFE",
    "RH_HAA",
    "RH_HFE",
    "RH_KFE"
  ],
  "limits": {
    "lower": [
      -1000000.0,
      -1000000.0,
      -1000000.0,
      -1000000.0,
      -1000000.0,
      -1000000.0,
      -0.7200000286102295,
      -9.42477798461914,
      -9.42477798461914,
      -0.49000000953674316,
      -9.42477798461914,
      -9.42477798461914,
      -0.7200000286102295,
      -9.42477798461914,
      -9.42477798461914,
      -0.49000000953674316,
      -9.42477798461914,
      -9.42477798461914
    ],
    "upper": [
      1000000.0,
      1000000.0,
      1000000.0,
      1000000.0,
      1000000.0,
      1000000.0,
      0.49000000953674316,
      9.42477798461914,
      9.42477798461914,
      0.7200000286102295,
      9.42477798461914,
      9.42477798461914,
      0.49000000953674316,
      9.42477798461914,
      9.42477798461914,
      0.7200000286102295,
      9.42477798461914,
      9.42477798461914
    ]
  }
}